Mitarbeiter_ID,Durchschnitt,Maximum
83798,24.6,77.0
54466,34.666666666666664,76.0
11397,34.0,34.0
48978,1.1666666666666667,3.0
20971,0.5,2.0
79409,0.5,2.0
39460,0.3333333333333333,2.0
32736,0.6666666666666666,1.0
66011,0.5,1.0
40564,0.3333333333333333,1.0
84221,0.3333333333333333,1.0
84330,0.3333333333333333,1.0
86570,0.3333333333333333,1.0
20321,0.16666666666666666,1.0
26942,0.16666666666666666,1.0
