Mitarbeiter_ID,Durchschnitt,Maximum
83798,23.135874,96.42269
11397,90.28319,90.28319
54466,34.742992,87.308556
20971,0.11151641,0.34095758
48978,0.041843694,0.11575889
87656,0.035311963,0.111084245
53214,0.041432075,0.08373232
92225,0.0015144632,0.0034760921
24542,0.0007578963,0.0030679423
40217,0.00067052874,0.0028800045
25873,0.0011371988,0.0028330986
58571,0.00086209184,0.0026798912
36677,0.0012957443,0.002587619
21003,0.0011690349,0.0025783423
79827,0.0006850743,0.0024853728
